{
	"credit": "Made with Blockbench",
	"parent": "minecraft:block/cross",
	"textures": {
		"cross": "block/amethyst_cluster_mx"
	},
	"elements": [
		{
			"from": [6, 0, 5],
			"to": [11, 13, 10],
			"rotation": {"angle": 0, "axis": "z", "origin": [16, 10, 14]},
			"faces": {
				"north": {"uv": [4, 1, 9, 13], "texture": "#cross"},
				"east": {"uv": [4, 1, 9, 13], "texture": "#cross"},
				"south": {"uv": [4, 1, 9, 13], "texture": "#cross"},
				"west": {"uv": [4, 1, 9, 13], "texture": "#cross"},
				"up": {"uv": [9, 1, 14, 6], "texture": "#cross"},
				"down": {"uv": [9, 6, 14, 11], "texture": "#cross"}
			}
		},
		{
			"from": [5, 1, 1],
			"to": [9, 9, 5],
			"rotation": {"angle": -45, "axis": "x", "origin": [10, 4.5, 5]},
			"faces": {
				"north": {"uv": [4, 1, 9, 13], "texture": "#cross"},
				"east": {"uv": [4, 1, 9, 13], "texture": "#cross"},
				"south": {"uv": [4, 1, 9, 13], "texture": "#cross"},
				"west": {"uv": [4, 1, 9, 13], "texture": "#cross"},
				"up": {"uv": [9, 1, 14, 6], "texture": "#cross"},
				"down": {"uv": [9, 6, 14, 11], "texture": "#cross"}
			}
		},
		{
			"from": [2, 1, 5],
			"to": [6, 9, 9],
			"rotation": {"angle": 45, "axis": "z", "origin": [7, 4.5, 11]},
			"faces": {
				"north": {"uv": [4, 1, 9, 13], "texture": "#cross"},
				"east": {"uv": [4, 1, 9, 13], "texture": "#cross"},
				"south": {"uv": [4, 1, 9, 13], "texture": "#cross"},
				"west": {"uv": [4, 1, 9, 13], "texture": "#cross"},
				"up": {"uv": [9, 1, 14, 6], "texture": "#cross"},
				"down": {"uv": [9, 6, 14, 11], "texture": "#cross"}
			}
		},
		{
			"from": [4.08579, -0.08579, 7],
			"to": [9.08579, 2.91421, 10],
			"rotation": {"angle": -22.5, "axis": "z", "origin": [5.58579, 5.91421, 9.5]},
			"faces": {
				"north": {"uv": [4, 1, 9, 13], "rotation": 90, "texture": "#cross"},
				"east": {"uv": [9, 6, 14, 11], "rotation": 270, "texture": "#cross"},
				"south": {"uv": [4, 1, 9, 13], "rotation": 270, "texture": "#cross"},
				"west": {"uv": [9, 1, 14, 6], "rotation": 270, "texture": "#cross"},
				"up": {"uv": [4, 1, 9, 13], "rotation": 270, "texture": "#cross"},
				"down": {"uv": [4, 1, 9, 13], "rotation": 270, "texture": "#cross"}
			}
		},
		{
			"from": [6, -0.51041, 10.23223],
			"to": [9, 8.48959, 13.23223],
			"rotation": {"angle": 22.5, "axis": "x", "origin": [7, 3.98959, 12.23223]},
			"faces": {
				"north": {"uv": [4, 1, 9, 13], "texture": "#cross"},
				"east": {"uv": [4, 1, 9, 13], "texture": "#cross"},
				"south": {"uv": [4, 1, 9, 13], "texture": "#cross"},
				"west": {"uv": [4, 1, 9, 13], "texture": "#cross"},
				"up": {"uv": [9, 1, 14, 6], "texture": "#cross"},
				"down": {"uv": [9, 6, 14, 11], "texture": "#cross"}
			}
		},
		{
			"from": [12, 0, 5],
			"to": [16, 9, 9],
			"rotation": {"angle": -45, "axis": "z", "origin": [11, 4.5, 6]},
			"faces": {
				"north": {"uv": [4, 1, 9, 13], "texture": "#cross"},
				"east": {"uv": [4, 1, 9, 13], "texture": "#cross"},
				"south": {"uv": [4, 1, 9, 13], "texture": "#cross"},
				"west": {"uv": [4, 1, 9, 13], "texture": "#cross"},
				"up": {"uv": [9, 1, 14, 6], "texture": "#cross"},
				"down": {"uv": [9, 6, 14, 11], "texture": "#cross"}
			}
		},
		{
			"from": [8, 0, 3],
			"to": [12, 9, 8],
			"rotation": {"angle": 0, "axis": "x", "origin": [9.5, 5.5, 1]},
			"faces": {
				"north": {"uv": [4, 1, 9, 13], "texture": "#cross"},
				"east": {"uv": [4, 1, 9, 13], "texture": "#cross"},
				"south": {"uv": [4, 1, 9, 13], "texture": "#cross"},
				"west": {"uv": [4, 1, 9, 13], "texture": "#cross"},
				"up": {"uv": [9, 1, 14, 6], "texture": "#cross"},
				"down": {"uv": [9, 6, 14, 11], "texture": "#cross"}
			}
		},
		{
			"from": [9, 0, 8],
			"to": [13, 7, 12],
			"rotation": {"angle": 0, "axis": "y", "origin": [9.5, 5.5, 1]},
			"faces": {
				"north": {"uv": [4, 1, 9, 13], "texture": "#cross"},
				"east": {"uv": [4, 1, 9, 13], "texture": "#cross"},
				"south": {"uv": [4, 1, 9, 13], "texture": "#cross"},
				"west": {"uv": [4, 1, 9, 13], "texture": "#cross"},
				"up": {"uv": [9, 1, 14, 6], "texture": "#cross"},
				"down": {"uv": [9, 6, 14, 11], "texture": "#cross"}
			}
		},
		{
			"from": [4, 0, 3.5],
			"to": [8, 11, 8.5],
			"rotation": {"angle": 0, "axis": "y", "origin": [9.5, 5.5, 1]},
			"faces": {
				"north": {"uv": [4, 1, 9, 13], "texture": "#cross"},
				"east": {"uv": [4, 1, 9, 13], "texture": "#cross"},
				"south": {"uv": [4, 1, 9, 13], "texture": "#cross"},
				"west": {"uv": [4, 1, 9, 13], "texture": "#cross"},
				"up": {"uv": [9, 1, 14, 6], "texture": "#cross"},
				"down": {"uv": [9, 6, 14, 11], "texture": "#cross"}
			}
		},
		{
			"from": [5, 0, 8],
			"to": [8, 9, 11],
			"rotation": {"angle": 0, "axis": "y", "origin": [9.5, 5.5, 1]},
			"faces": {
				"north": {"uv": [4, 1, 9, 13], "texture": "#cross"},
				"east": {"uv": [4, 1, 9, 13], "texture": "#cross"},
				"south": {"uv": [4, 1, 9, 13], "texture": "#cross"},
				"west": {"uv": [4, 1, 9, 13], "texture": "#cross"},
				"up": {"uv": [9, 1, 14, 6], "texture": "#cross"},
				"down": {"uv": [9, 6, 14, 11], "texture": "#cross"}
			}
		},
		{
			"from": [7, 0.5, 7.5],
			"to": [11, 3.5, 14.5],
			"rotation": {"angle": -22.5, "axis": "x", "origin": [7, 4.5, 11]},
			"faces": {
				"north": {"uv": [9, 6, 14, 11], "rotation": 180, "texture": "#cross"},
				"east": {"uv": [4, 1, 9, 13], "rotation": 270, "texture": "#cross"},
				"south": {"uv": [9, 1, 14, 6], "texture": "#cross"},
				"west": {"uv": [4, 1, 9, 13], "rotation": 90, "texture": "#cross"},
				"up": {"uv": [4, 1, 9, 13], "rotation": 180, "texture": "#cross"},
				"down": {"uv": [4, 1, 9, 13], "texture": "#cross"}
			}
		},
		{
			"from": [8.60581, 1.42703, -0.5],
			"to": [10.60581, 3.42703, 6.5],
			"rotation": {"angle": 22.5, "axis": "x", "origin": [11.60581, 1.42703, 0]},
			"faces": {
				"north": {"uv": [9, 1, 14, 6], "rotation": 180, "texture": "#cross"},
				"east": {"uv": [4, 1, 9, 13], "rotation": 90, "texture": "#cross"},
				"south": {"uv": [9, 6, 14, 11], "texture": "#cross"},
				"west": {"uv": [4, 1, 9, 13], "rotation": 270, "texture": "#cross"},
				"up": {"uv": [4, 1, 9, 13], "texture": "#cross"},
				"down": {"uv": [4, 1, 9, 13], "rotation": 180, "texture": "#cross"}
			}
		}
	],
	"display": {
		"ground": {
			"translation": [0, 9.25, 0]
		}
	}
}