{
	"credit": "Made with Blockbench",
	"parent": "minecraft:block/cross",
	"textures": {
		"cross": "block/amethyst_cluster_mx"
	},
	"elements": [
		{
			"from": [5, 0, 4],
			"to": [10, 12, 9],
			"rotation": {"angle": 0, "axis": "y", "origin": [16, 10, 14]},
			"faces": {
				"north": {"uv": [4, 1, 9, 13], "texture": "#cross"},
				"east": {"uv": [4, 1, 9, 13], "texture": "#cross"},
				"south": {"uv": [4, 1, 9, 13], "texture": "#cross"},
				"west": {"uv": [4, 1, 9, 13], "texture": "#cross"},
				"up": {"uv": [9, 1, 14, 6], "texture": "#cross"},
				"down": {"uv": [9, 6, 14, 11], "texture": "#cross"}
			}
		},
		{
			"from": [7, 0, 3],
			"to": [11, 10, 7],
			"rotation": {"angle": 0, "axis": "x", "origin": [10, 4.5, 5]},
			"faces": {
				"north": {"uv": [4, 1, 9, 13], "texture": "#cross"},
				"east": {"uv": [4, 1, 9, 13], "texture": "#cross"},
				"south": {"uv": [4, 1, 9, 13], "texture": "#cross"},
				"west": {"uv": [4, 1, 9, 13], "texture": "#cross"},
				"up": {"uv": [9, 1, 14, 6], "texture": "#cross"},
				"down": {"uv": [9, 6, 14, 11], "texture": "#cross"}
			}
		},
		{
			"from": [2, 0, 3],
			"to": [6, 9, 7],
			"rotation": {"angle": 45, "axis": "z", "origin": [7, 4.5, 11]},
			"faces": {
				"north": {"uv": [4, 1, 9, 13], "texture": "#cross"},
				"east": {"uv": [4, 1, 9, 13], "texture": "#cross"},
				"south": {"uv": [4, 1, 9, 13], "texture": "#cross"},
				"west": {"uv": [4, 1, 9, 13], "texture": "#cross"},
				"up": {"uv": [9, 1, 14, 6], "texture": "#cross"},
				"down": {"uv": [9, 6, 14, 11], "texture": "#cross"}
			}
		},
		{
			"from": [2.08579, -0.08579, 6],
			"to": [9.08579, 2.91421, 9],
			"rotation": {"angle": -22.5, "axis": "z", "origin": [5.58579, 5.91421, 9.5]},
			"faces": {
				"north": {"uv": [4, 1, 9, 13], "rotation": 90, "texture": "#cross"},
				"east": {"uv": [9, 6, 14, 11], "rotation": 270, "texture": "#cross"},
				"south": {"uv": [4, 1, 9, 13], "rotation": 270, "texture": "#cross"},
				"west": {"uv": [9, 1, 14, 6], "rotation": 270, "texture": "#cross"},
				"up": {"uv": [4, 1, 9, 13], "rotation": 270, "texture": "#cross"},
				"down": {"uv": [4, 1, 9, 13], "rotation": 270, "texture": "#cross"}
			}
		},
		{
			"from": [6, -0.86396, 8.25736],
			"to": [9, 8.13604, 11.25736],
			"rotation": {"angle": 22.5, "axis": "x", "origin": [7.5, 3.63604, 9.75736]},
			"faces": {
				"north": {"uv": [4, 1, 9, 13], "texture": "#cross"},
				"east": {"uv": [4, 1, 9, 13], "texture": "#cross"},
				"south": {"uv": [4, 1, 9, 13], "texture": "#cross"},
				"west": {"uv": [4, 1, 9, 13], "texture": "#cross"},
				"up": {"uv": [9, 1, 14, 6], "texture": "#cross"},
				"down": {"uv": [9, 6, 14, 11], "texture": "#cross"}
			}
		},
		{
			"from": [11, 0, 5],
			"to": [15, 7, 9],
			"rotation": {"angle": -45, "axis": "z", "origin": [11, 4.5, 6]},
			"faces": {
				"north": {"uv": [4, 1, 9, 13], "texture": "#cross"},
				"east": {"uv": [4, 1, 9, 13], "texture": "#cross"},
				"south": {"uv": [4, 1, 9, 13], "texture": "#cross"},
				"west": {"uv": [4, 1, 9, 13], "texture": "#cross"},
				"up": {"uv": [9, 1, 14, 6], "texture": "#cross"},
				"down": {"uv": [9, 6, 14, 11], "texture": "#cross"}
			}
		},
		{
			"from": [6, 1, 0],
			"to": [10, 8, 4],
			"rotation": {"angle": -45, "axis": "x", "origin": [11, 4.5, 5]},
			"faces": {
				"north": {"uv": [4, 1, 9, 13], "texture": "#cross"},
				"east": {"uv": [4, 1, 9, 13], "texture": "#cross"},
				"south": {"uv": [4, 1, 9, 13], "texture": "#cross"},
				"west": {"uv": [4, 1, 9, 13], "texture": "#cross"},
				"up": {"uv": [9, 1, 14, 6], "texture": "#cross"},
				"down": {"uv": [9, 6, 14, 11], "texture": "#cross"}
			}
		},
		{
			"from": [6, 0.5, 7.5],
			"to": [11, 3.5, 12.5],
			"rotation": {"angle": -22.5, "axis": "x", "origin": [7, 4.5, 11]},
			"faces": {
				"north": {"uv": [9, 6, 14, 11], "rotation": 180, "texture": "#cross"},
				"east": {"uv": [4, 1, 9, 13], "rotation": 270, "texture": "#cross"},
				"south": {"uv": [9, 1, 14, 6], "texture": "#cross"},
				"west": {"uv": [4, 1, 9, 13], "rotation": 90, "texture": "#cross"},
				"up": {"uv": [4, 1, 9, 13], "rotation": 180, "texture": "#cross"},
				"down": {"uv": [4, 1, 9, 13], "texture": "#cross"}
			}
		}
	]
}