{
	"credit": "Made with Blockbench",
	"parent": "minecraft:block/cross",
	"textures": {
		"cross": "block/amethyst_cluster_mx"
	},
	"elements": [
		{
			"from": [6, 0, 6],
			"to": [10, 9, 10],
			"rotation": {"angle": 0, "axis": "y", "origin": [7, 3, 7]},
			"faces": {
				"north": {"uv": [4, 1, 9, 13], "texture": "#cross"},
				"east": {"uv": [4, 1, 9, 13], "texture": "#cross"},
				"south": {"uv": [4, 1, 9, 13], "texture": "#cross"},
				"west": {"uv": [4, 1, 9, 13], "texture": "#cross"},
				"up": {"uv": [9, 1, 14, 6], "texture": "#cross"},
				"down": {"uv": [9, 6, 14, 11], "texture": "#cross"}
			}
		},
		{
			"from": [6.5, 0, 3],
			"to": [9.5, 3, 8],
			"rotation": {"angle": 45, "axis": "x", "origin": [6, 3, 6]},
			"faces": {
				"north": {"uv": [9, 1, 14, 6], "rotation": 180, "texture": "#cross"},
				"east": {"uv": [4, 1, 9, 13], "rotation": 90, "texture": "#cross"},
				"south": {"uv": [9, 6, 14, 11], "texture": "#cross"},
				"west": {"uv": [4, 1, 9, 13], "rotation": 270, "texture": "#cross"},
				"up": {"uv": [4, 1, 9, 13], "texture": "#cross"},
				"down": {"uv": [4, 1, 9, 13], "rotation": 180, "texture": "#cross"}
			}
		},
		{
			"from": [9, 0, 6.5],
			"to": [12, 6, 9.5],
			"rotation": {"angle": -45, "axis": "z", "origin": [10, 2, 7]},
			"faces": {
				"north": {"uv": [4, 1, 9, 13], "texture": "#cross"},
				"east": {"uv": [4, 1, 9, 13], "texture": "#cross"},
				"south": {"uv": [4, 1, 9, 13], "texture": "#cross"},
				"west": {"uv": [4, 1, 9, 13], "texture": "#cross"},
				"up": {"uv": [9, 1, 14, 6], "texture": "#cross"},
				"down": {"uv": [9, 6, 14, 11], "texture": "#cross"}
			}
		},
		{
			"from": [7.5, 0, 9],
			"to": [9.5, 7, 11],
			"rotation": {"angle": 22.5, "axis": "x", "origin": [7.5, 3, 9.5]},
			"faces": {
				"north": {"uv": [4, 1, 9, 13], "texture": "#cross"},
				"east": {"uv": [4, 1, 9, 13], "texture": "#cross"},
				"south": {"uv": [4, 1, 9, 13], "texture": "#cross"},
				"west": {"uv": [4, 1, 9, 13], "texture": "#cross"},
				"up": {"uv": [9, 1, 14, 6], "texture": "#cross"},
				"down": {"uv": [9, 6, 14, 11], "texture": "#cross"}
			}
		},
		{
			"from": [5.5, -1.55062, 3.68612],
			"to": [7.5, 5.44938, 5.68612],
			"rotation": {"angle": -22.5, "axis": "x", "origin": [7.5, 5.94938, 3.68612]},
			"faces": {
				"north": {"uv": [4, 1, 9, 13], "texture": "#cross"},
				"east": {"uv": [4, 1, 9, 13], "texture": "#cross"},
				"south": {"uv": [4, 1, 9, 13], "texture": "#cross"},
				"west": {"uv": [4, 1, 9, 13], "texture": "#cross"},
				"up": {"uv": [9, 1, 14, 6], "texture": "#cross"},
				"down": {"uv": [9, 6, 14, 11], "texture": "#cross"}
			}
		},
		{
			"from": [3, 0, 5.5],
			"to": [6, 5, 8.5],
			"rotation": {"angle": 45, "axis": "z", "origin": [5, 2.5, 7]},
			"faces": {
				"north": {"uv": [4, 1, 9, 13], "texture": "#cross"},
				"east": {"uv": [4, 1, 9, 13], "texture": "#cross"},
				"south": {"uv": [4, 1, 9, 13], "texture": "#cross"},
				"west": {"uv": [4, 1, 9, 13], "texture": "#cross"},
				"up": {"uv": [9, 1, 14, 6], "texture": "#cross"},
				"down": {"uv": [9, 6, 14, 11], "texture": "#cross"}
			}
		},
		{
			"from": [3.58579, 0.41421, 7.5],
			"to": [5.58579, 6.41421, 9.5],
			"rotation": {"angle": 22.5, "axis": "z", "origin": [5.58579, 5.91421, 9.5]},
			"faces": {
				"north": {"uv": [4, 1, 9, 13], "texture": "#cross"},
				"east": {"uv": [4, 1, 9, 13], "texture": "#cross"},
				"south": {"uv": [4, 1, 9, 13], "texture": "#cross"},
				"west": {"uv": [4, 1, 9, 13], "texture": "#cross"},
				"up": {"uv": [9, 1, 14, 6], "texture": "#cross"},
				"down": {"uv": [9, 6, 14, 11], "texture": "#cross"}
			}
		},
		{
			"from": [6, 0.5, 6.5],
			"to": [9, 3.5, 12.5],
			"rotation": {"angle": -22.5, "axis": "x", "origin": [7, 4.5, 11]},
			"faces": {
				"north": {"uv": [9, 6, 14, 11], "rotation": 180, "texture": "#cross"},
				"east": {"uv": [4, 1, 9, 13], "rotation": 270, "texture": "#cross"},
				"south": {"uv": [9, 1, 14, 6], "texture": "#cross"},
				"west": {"uv": [4, 1, 9, 13], "rotation": 90, "texture": "#cross"},
				"up": {"uv": [4, 1, 9, 13], "rotation": 180, "texture": "#cross"},
				"down": {"uv": [4, 1, 9, 13], "texture": "#cross"}
			}
		}
	]
}