{
	"credit": "Made by XeKr with Blockbench",
	"ambientocclusion": false,
	"textures": {
		"particle": "block/repeater_on1",
		"top": "block/repeater_on1",
		"lit": "block/redstone_torch"
	},
	"elements": [
		{
			"from": [0, 0, 0],
			"to": [16, 2, 16],
			"faces": {
				"north": {"uv": [0, 14, 16, 16], "texture": "#top", "cullface": "north"},
				"east": {"uv": [14, 0, 16, 16], "rotation": 90, "texture": "#top", "cullface": "east"},
				"south": {"uv": [0, 14, 16, 16], "texture": "#top", "cullface": "south"},
				"west": {"uv": [0, 0, 2, 16], "rotation": 270, "texture": "#top", "cullface": "west"},
				"up": {"uv": [0, 0, 16, 16], "texture": "#top"},
				"down": {"uv": [0, 0, 16, 16], "rotation": 180, "texture": "#top", "cullface": "down"}
			}
		},
		{
			"from": [7, 7, 6],
			"to": [9, 7, 8],
			"faces": {
				"up": {"uv": [7, 6, 9, 8], "texture": "#lit"}
			}
		},
		{
			"from": [7, 2, 5],
			"to": [9, 8, 9],
			"faces": {
				"east": {"uv": [6, 5, 10, 11], "texture": "#lit"},
				"west": {"uv": [6, 5, 10, 11], "texture": "#lit"}
			}
		},
		{
			"from": [6, 2, 6],
			"to": [10, 8, 8],
			"faces": {
				"north": {"uv": [6, 5, 10, 11], "texture": "#lit"},
				"south": {"uv": [6, 5, 10, 11], "texture": "#lit"}
			}
		},
		{
			"from": [7, 7, 2],
			"to": [9, 7, 4],
			"faces": {
				"up": {"uv": [7, 6, 9, 8], "texture": "#lit"}
			}
		},
		{
			"from": [7, 2, 1],
			"to": [9, 8, 5],
			"faces": {
				"east": {"uv": [6, 5, 10, 11], "texture": "#lit"},
				"west": {"uv": [6, 5, 10, 11], "texture": "#lit"}
			}
		},
		{
			"from": [6, 2, 2],
			"to": [10, 8, 4],
			"faces": {
				"north": {"uv": [6, 5, 10, 11], "texture": "#lit"},
				"south": {"uv": [6, 5, 10, 11], "texture": "#lit"}
			}
		}
	]
}