{
	"credit": "Made with Blockbench",
	"parent": "minecraft:block/cross",
	"textures": {
		"cross": "block/amethyst_cluster_mx"
	},
	"elements": [
		{
			"from": [6, 0, 6],
			"to": [10, 8, 10],
			"rotation": {"angle": 0, "axis": "z", "origin": [7, 3, 7]},
			"faces": {
				"north": {"uv": [4, 1, 9, 13], "texture": "#cross"},
				"east": {"uv": [4, 1, 9, 13], "texture": "#cross"},
				"south": {"uv": [4, 1, 9, 13], "texture": "#cross"},
				"west": {"uv": [4, 1, 9, 13], "texture": "#cross"},
				"up": {"uv": [9, 1, 14, 6], "texture": "#cross"},
				"down": {"uv": [9, 6, 14, 11], "texture": "#cross"}
			}
		},
		{
			"from": [9, 0, 6.5],
			"to": [12, 5, 9.5],
			"rotation": {"angle": -45, "axis": "z", "origin": [10, 2, 7]},
			"faces": {
				"north": {"uv": [4, 1, 9, 13], "texture": "#cross"},
				"east": {"uv": [4, 1, 9, 13], "texture": "#cross"},
				"south": {"uv": [4, 1, 9, 13], "texture": "#cross"},
				"west": {"uv": [4, 1, 9, 13], "texture": "#cross"},
				"up": {"uv": [9, 1, 14, 6], "texture": "#cross"},
				"down": {"uv": [9, 6, 14, 11], "texture": "#cross"}
			}
		},
		{
			"from": [6.5, 0, 9],
			"to": [9.5, 6, 12],
			"rotation": {"angle": 45, "axis": "x", "origin": [7.5, 3, 9.5]},
			"faces": {
				"north": {"uv": [4, 1, 9, 13], "texture": "#cross"},
				"east": {"uv": [4, 1, 9, 13], "texture": "#cross"},
				"south": {"uv": [4, 1, 9, 13], "texture": "#cross"},
				"west": {"uv": [4, 1, 9, 13], "texture": "#cross"},
				"up": {"uv": [9, 1, 14, 6], "texture": "#cross"},
				"down": {"uv": [9, 6, 14, 11], "texture": "#cross"}
			}
		},
		{
			"from": [6.5, -1, 3],
			"to": [9.5, 3, 6],
			"rotation": {"angle": -45, "axis": "x", "origin": [8, 3, 4]},
			"faces": {
				"north": {"uv": [4, 1, 9, 13], "texture": "#cross"},
				"east": {"uv": [4, 1, 9, 13], "texture": "#cross"},
				"south": {"uv": [4, 1, 9, 13], "texture": "#cross"},
				"west": {"uv": [4, 1, 9, 13], "texture": "#cross"},
				"up": {"uv": [9, 1, 14, 6], "texture": "#cross"},
				"down": {"uv": [9, 6, 14, 11], "texture": "#cross"}
			}
		},
		{
			"from": [4, 0, 6.5],
			"to": [7, 4, 9.5],
			"rotation": {"angle": 45, "axis": "z", "origin": [5, 2.5, 7]},
			"faces": {
				"north": {"uv": [4, 1, 9, 13], "texture": "#cross"},
				"east": {"uv": [4, 1, 9, 13], "texture": "#cross"},
				"south": {"uv": [4, 1, 9, 13], "texture": "#cross"},
				"west": {"uv": [4, 1, 9, 13], "texture": "#cross"},
				"up": {"uv": [9, 1, 14, 6], "texture": "#cross"},
				"down": {"uv": [9, 6, 14, 11], "texture": "#cross"}
			}
		}
	],
	"display": {
		"thirdperson_righthand": {
			"translation": [0, 7, 0]
		},
		"ground": {
			"translation": [0, 2.5, 0]
		}
	}
}